,Title,Salary,Posted
0,Copywriter Assistant Needed! - $1000-$2000 USD + Benefits + Bi Weekly Pay and Holidays!,$4-$8,"Posted on Dec 31, 2022"
1,Creative Director Needed! $1000-$2000 USD + Benefits + Weekly Pay and Holidays!,$4-$8,"Posted on Dec 31, 2022"
2,Designer & Video Editor Needed! - $1000-$2000 USD + Benefits + Bi Weekly Pay and Holidays!,$4-$8,"Posted on Dec 31, 2022"
3,Customer Support / Voice Support / Community Manager - $1000-$2000 USD + Benefits + Weekly Pay and Holidays!,$4-$8,"Posted on Dec 31, 2022"
4,Video Editor Needed! - $1000-$2000 USD + Benefits + Bi Weekly Pay and Holidays!,$3-$6,"Posted on Dec 31, 2022"
5,Leads Intake Representative,Commission,"Posted on Dec 31, 2022"
6,Landing Pages Expert Assistant Needed! $1000-$2000 USD + Benefits + Weekly Pay and Holidays!,$3-$6,"Posted on Dec 31, 2022"
7,Internet Marketing Media Buyers Needed - $1000-$2000 USD + Benefits + Bi Weekly Pay and Holidays!,$3-$6,"Posted on Dec 31, 2022"
8,TikTok Ads Specialist,5-6,"Posted on Dec 31, 2022"
9,Tiktok Ads Expert - Digital Marketing - Real World Experience,SALARY Commensurate with experience,"Posted on Dec 31, 2022"
10,Tiktok Influencers - Amazon Ecommerce - Real Experience,SALARY Commensurate with experience,"Posted on Dec 31, 2022"
11,An Illustrator,$300/month,"Posted on Dec 31, 2022"
12,Email Marketer Specialist,300-500,"Posted on Dec 31, 2022"
13,Photo & Video Designer,150,"Posted on Dec 31, 2022"
14,Surfer SEO/Jasper,500,"Posted on Dec 31, 2022"
15,Accounts Payable Specialist,P20k-P30K,"Posted on Dec 31, 2022"
16,Salesforce Administrator and Developer,$20/hour,"Posted on Dec 31, 2022"
17,Marketing,$350/month,"Posted on Dec 31, 2022"
18,Credit Repair Specialist,$450 - $750 Monthly,"Posted on Dec 31, 2022"
19,Deployer,$20,"Posted on Dec 31, 2022"
20,HR Manager for Small Online Company (20-30 employees),$4/hour,"Posted on Dec 31, 2022"
21,Growth Coordinator,,"Posted on Dec 31, 2022"
22,Real Estate Marketing Manager,$5-15/hour,"Posted on Dec 31, 2022"
23,Supplier Acquisition,base salary of $300 + commission of $10-$150 per supplier account opened depending on the type of account opened,"Posted on Dec 31, 2022"
24,Sourcing Executive,base salary of $300 + commission of $10-$150 per supplier account opened depending on the type of account opened,"Posted on Dec 31, 2022"
25,Business Analyst/Excel Expert,"$500-$1,300/mo.","Posted on Dec 31, 2022"
26,HTML/CSS Developer (Figma-to-HTML/CSS),$400/month,"Posted on Dec 31, 2022"
27,Business Plan Writer,900,"Posted on Dec 31, 2022"
28,Project Manager,"22272/mo,400 USD/mo","Posted on Dec 31, 2022"
29,Computer Vision and Machine Learning Expert,100000,"Posted on Dec 31, 2022"
30,Leads Intake Representative,Commission,"Posted on Dec 31, 2022"
31,Landing Pages Expert Assistant Needed! $1000-$2000 USD + Benefits + Weekly Pay and Holidays!,$3-$6,"Posted on Dec 31, 2022"
32,Internet Marketing Media Buyers Needed - $1000-$2000 USD + Benefits + Bi Weekly Pay and Holidays!,$3-$6,"Posted on Dec 31, 2022"
33,TikTok Ads Specialist,5-6,"Posted on Dec 31, 2022"
34,Tiktok Ads Expert - Digital Marketing - Real World Experience,SALARY Commensurate with experience,"Posted on Dec 31, 2022"
35,Tiktok Influencers - Amazon Ecommerce - Real Experience,SALARY Commensurate with experience,"Posted on Dec 31, 2022"
36,An Illustrator,$300/month,"Posted on Dec 31, 2022"
37,Email Marketer Specialist,300-500,"Posted on Dec 31, 2022"
38,Photo & Video Designer,150,"Posted on Dec 31, 2022"
39,Surfer SEO/Jasper,500,"Posted on Dec 31, 2022"
40,Accounts Payable Specialist,P20k-P30K,"Posted on Dec 31, 2022"
41,Salesforce Administrator and Developer,$20/hour,"Posted on Dec 31, 2022"
42,Marketing,$350/month,"Posted on Dec 31, 2022"
43,Credit Repair Specialist,$450 - $750 Monthly,"Posted on Dec 31, 2022"
44,Deployer,$20,"Posted on Dec 31, 2022"
45,HR Manager for Small Online Company (20-30 employees),$4/hour,"Posted on Dec 31, 2022"
46,Growth Coordinator,,"Posted on Dec 31, 2022"
47,Real Estate Marketing Manager,$5-15/hour,"Posted on Dec 31, 2022"
48,Supplier Acquisition,base salary of $300 + commission of $10-$150 per supplier account opened depending on the type of account opened,"Posted on Dec 31, 2022"
49,Sourcing Executive,base salary of $300 + commission of $10-$150 per supplier account opened depending on the type of account opened,"Posted on Dec 31, 2022"
50,Business Analyst/Excel Expert,"$500-$1,300/mo.","Posted on Dec 31, 2022"
51,HTML/CSS Developer (Figma-to-HTML/CSS),$400/month,"Posted on Dec 31, 2022"
52,Business Plan Writer,900,"Posted on Dec 31, 2022"
53,Project Manager,"22272/mo,400 USD/mo","Posted on Dec 31, 2022"
54,Computer Vision and Machine Learning Expert,100000,"Posted on Dec 31, 2022"
55,Graphics Designer / Social Media Manager (EXPERT IN ADOBE PHOTOSHOP AND PREMIERE PRO),$700 - $800,"Posted on Dec 30, 2022"
56,Bid Coordinator/Bid Writer for a UK Marketing Company,TBC,"Posted on Dec 30, 2022"
57,SEO Outreach Specialist & Link builder (Work from home),"PHP 20,000 to PHP 40,000","Posted on Dec 30, 2022"
58,Senior SEO Link Builder (Work from home),"PHP 20,000 to PHP 40,000","Posted on Dec 30, 2022"
59,Lawyer with American Accented English,Negotiable,"Posted on Dec 30, 2022"
60,Tiktok Influencers - Amazon Ecommerce - Real Experience,SALARY Commensurate with experience,"Posted on Dec 31, 2022"
61,An Illustrator,$300/month,"Posted on Dec 31, 2022"
62,Email Marketer Specialist,300-500,"Posted on Dec 31, 2022"
63,Photo & Video Designer,150,"Posted on Dec 31, 2022"
64,Surfer SEO/Jasper,500,"Posted on Dec 31, 2022"
65,Accounts Payable Specialist,P20k-P30K,"Posted on Dec 31, 2022"
66,Salesforce Administrator and Developer,$20/hour,"Posted on Dec 31, 2022"
67,Marketing,$350/month,"Posted on Dec 31, 2022"
68,Credit Repair Specialist,$450 - $750 Monthly,"Posted on Dec 31, 2022"
69,Deployer,$20,"Posted on Dec 31, 2022"
70,HR Manager for Small Online Company (20-30 employees),$4/hour,"Posted on Dec 31, 2022"
71,Growth Coordinator,,"Posted on Dec 31, 2022"
72,Real Estate Marketing Manager,$5-15/hour,"Posted on Dec 31, 2022"
73,Supplier Acquisition,base salary of $300 + commission of $10-$150 per supplier account opened depending on the type of account opened,"Posted on Dec 31, 2022"
74,Sourcing Executive,base salary of $300 + commission of $10-$150 per supplier account opened depending on the type of account opened,"Posted on Dec 31, 2022"
75,Business Analyst/Excel Expert,"$500-$1,300/mo.","Posted on Dec 31, 2022"
76,HTML/CSS Developer (Figma-to-HTML/CSS),$400/month,"Posted on Dec 31, 2022"
77,Business Plan Writer,900,"Posted on Dec 31, 2022"
78,Project Manager,"22272/mo,400 USD/mo","Posted on Dec 31, 2022"
79,Computer Vision and Machine Learning Expert,100000,"Posted on Dec 31, 2022"
80,Graphics Designer / Social Media Manager (EXPERT IN ADOBE PHOTOSHOP AND PREMIERE PRO),$700 - $800,"Posted on Dec 30, 2022"
81,Bid Coordinator/Bid Writer for a UK Marketing Company,TBC,"Posted on Dec 30, 2022"
82,SEO Outreach Specialist & Link builder (Work from home),"PHP 20,000 to PHP 40,000","Posted on Dec 30, 2022"
83,Senior SEO Link Builder (Work from home),"PHP 20,000 to PHP 40,000","Posted on Dec 30, 2022"
84,Lawyer with American Accented English,Negotiable,"Posted on Dec 30, 2022"
85,Woocommerce Web Developer / Manager,"50,000-75,000 php/mo","Posted on Dec 30, 2022"
86,Expert Web Designer/Developer,,"Posted on Dec 30, 2022"
87,UI/UX Designer,"Php 45,000/mo","Posted on Dec 30, 2022"
88,Shopify Developer,"Php 45,000/mo","Posted on Dec 30, 2022"
89,"Web Developer - NEXTjs, Nodejs, Hydrogen, Shopify API, Typescript",$6-10/hr,"Posted on Dec 30, 2022"
90,Accounts Payable Specialist,P20k-P30K,"Posted on Dec 31, 2022"
91,Salesforce Administrator and Developer,$20/hour,"Posted on Dec 31, 2022"
92,Marketing,$350/month,"Posted on Dec 31, 2022"
93,Credit Repair Specialist,$450 - $750 Monthly,"Posted on Dec 31, 2022"
94,Deployer,$20,"Posted on Dec 31, 2022"
95,HR Manager for Small Online Company (20-30 employees),$4/hour,"Posted on Dec 31, 2022"
96,Growth Coordinator,,"Posted on Dec 31, 2022"
97,Real Estate Marketing Manager,$5-15/hour,"Posted on Dec 31, 2022"
98,Supplier Acquisition,base salary of $300 + commission of $10-$150 per supplier account opened depending on the type of account opened,"Posted on Dec 31, 2022"
99,Sourcing Executive,base salary of $300 + commission of $10-$150 per supplier account opened depending on the type of account opened,"Posted on Dec 31, 2022"
100,Business Analyst/Excel Expert,"$500-$1,300/mo.","Posted on Dec 31, 2022"
101,HTML/CSS Developer (Figma-to-HTML/CSS),$400/month,"Posted on Dec 31, 2022"
102,Business Plan Writer,900,"Posted on Dec 31, 2022"
103,Project Manager,"22272/mo,400 USD/mo","Posted on Dec 31, 2022"
104,Computer Vision and Machine Learning Expert,100000,"Posted on Dec 31, 2022"
105,Graphics Designer / Social Media Manager (EXPERT IN ADOBE PHOTOSHOP AND PREMIERE PRO),$700 - $800,"Posted on Dec 30, 2022"
106,Bid Coordinator/Bid Writer for a UK Marketing Company,TBC,"Posted on Dec 30, 2022"
107,SEO Outreach Specialist & Link builder (Work from home),"PHP 20,000 to PHP 40,000","Posted on Dec 30, 2022"
108,Senior SEO Link Builder (Work from home),"PHP 20,000 to PHP 40,000","Posted on Dec 30, 2022"
109,Lawyer with American Accented English,Negotiable,"Posted on Dec 30, 2022"
110,Woocommerce Web Developer / Manager,"50,000-75,000 php/mo","Posted on Dec 30, 2022"
111,Expert Web Designer/Developer,,"Posted on Dec 30, 2022"
112,UI/UX Designer,"Php 45,000/mo","Posted on Dec 30, 2022"
113,Shopify Developer,"Php 45,000/mo","Posted on Dec 30, 2022"
114,"Web Developer - NEXTjs, Nodejs, Hydrogen, Shopify API, Typescript",$6-10/hr,"Posted on Dec 30, 2022"
115,Senior Website and Graphic Designer,$550/MONTHLY,"Posted on Dec 30, 2022"
116,"Software Engineer, Coder, Computer Science","5,000 PHP per Project","Posted on Dec 30, 2022"
117,NATIVE DUTCH SPEAKER WANTED/Virtual Assistant/Tech Support/,TBD,"Posted on Dec 30, 2022"
118,Senior Software Developer,TBD,"Posted on Dec 30, 2022"
119,HARO Specialist,,"Posted on Dec 30, 2022"
120,HR Manager for Small Online Company (20-30 employees),$4/hour,"Posted on Dec 31, 2022"
121,Growth Coordinator,,"Posted on Dec 31, 2022"
122,Real Estate Marketing Manager,$5-15/hour,"Posted on Dec 31, 2022"
123,Supplier Acquisition,base salary of $300 + commission of $10-$150 per supplier account opened depending on the type of account opened,"Posted on Dec 31, 2022"
124,Sourcing Executive,base salary of $300 + commission of $10-$150 per supplier account opened depending on the type of account opened,"Posted on Dec 31, 2022"
125,Business Analyst/Excel Expert,"$500-$1,300/mo.","Posted on Dec 31, 2022"
126,HTML/CSS Developer (Figma-to-HTML/CSS),$400/month,"Posted on Dec 31, 2022"
127,Business Plan Writer,900,"Posted on Dec 31, 2022"
128,Project Manager,"22272/mo,400 USD/mo","Posted on Dec 31, 2022"
129,Computer Vision and Machine Learning Expert,100000,"Posted on Dec 31, 2022"
130,Graphics Designer / Social Media Manager (EXPERT IN ADOBE PHOTOSHOP AND PREMIERE PRO),$700 - $800,"Posted on Dec 30, 2022"
131,Bid Coordinator/Bid Writer for a UK Marketing Company,TBC,"Posted on Dec 30, 2022"
132,SEO Outreach Specialist & Link builder (Work from home),"PHP 20,000 to PHP 40,000","Posted on Dec 30, 2022"
133,Senior SEO Link Builder (Work from home),"PHP 20,000 to PHP 40,000","Posted on Dec 30, 2022"
134,Lawyer with American Accented English,Negotiable,"Posted on Dec 30, 2022"
135,Woocommerce Web Developer / Manager,"50,000-75,000 php/mo","Posted on Dec 30, 2022"
136,Expert Web Designer/Developer,,"Posted on Dec 30, 2022"
137,UI/UX Designer,"Php 45,000/mo","Posted on Dec 30, 2022"
138,Shopify Developer,"Php 45,000/mo","Posted on Dec 30, 2022"
139,"Web Developer - NEXTjs, Nodejs, Hydrogen, Shopify API, Typescript",$6-10/hr,"Posted on Dec 30, 2022"
140,Senior Website and Graphic Designer,$550/MONTHLY,"Posted on Dec 30, 2022"
141,"Software Engineer, Coder, Computer Science","5,000 PHP per Project","Posted on Dec 30, 2022"
142,NATIVE DUTCH SPEAKER WANTED/Virtual Assistant/Tech Support/,TBD,"Posted on Dec 30, 2022"
143,Senior Software Developer,TBD,"Posted on Dec 30, 2022"
144,HARO Specialist,,"Posted on Dec 30, 2022"
145,Mandarin Speaking Real Estate Virtual Assistant,$4-5AUD,"Posted on Dec 30, 2022"
146,Chartered Account CPA with MBA,"PHP 607,000 per annum","Posted on Dec 30, 2022"
147,Kadence Wordpress Expert  (Don't apply if you aren't a kadence expert),300,"Posted on Dec 30, 2022"
148,Senior React Native Developer - Horizon Development LLC,$400-$750/Month,"Posted on Dec 30, 2022"
149,Senior Django Developer - Horizon Development LLC,$600-$1000/Month,"Posted on Dec 30, 2022"
150,Business Analyst/Excel Expert,"$500-$1,300/mo.","Posted on Dec 31, 2022"
151,HTML/CSS Developer (Figma-to-HTML/CSS),$400/month,"Posted on Dec 31, 2022"
152,Business Plan Writer,900,"Posted on Dec 31, 2022"
153,Project Manager,"22272/mo,400 USD/mo","Posted on Dec 31, 2022"
154,Computer Vision and Machine Learning Expert,100000,"Posted on Dec 31, 2022"
155,Graphics Designer / Social Media Manager (EXPERT IN ADOBE PHOTOSHOP AND PREMIERE PRO),$700 - $800,"Posted on Dec 30, 2022"
156,Bid Coordinator/Bid Writer for a UK Marketing Company,TBC,"Posted on Dec 30, 2022"
157,SEO Outreach Specialist & Link builder (Work from home),"PHP 20,000 to PHP 40,000","Posted on Dec 30, 2022"
158,Senior SEO Link Builder (Work from home),"PHP 20,000 to PHP 40,000","Posted on Dec 30, 2022"
159,Lawyer with American Accented English,Negotiable,"Posted on Dec 30, 2022"
160,Woocommerce Web Developer / Manager,"50,000-75,000 php/mo","Posted on Dec 30, 2022"
161,Expert Web Designer/Developer,,"Posted on Dec 30, 2022"
162,UI/UX Designer,"Php 45,000/mo","Posted on Dec 30, 2022"
163,Shopify Developer,"Php 45,000/mo","Posted on Dec 30, 2022"
164,"Web Developer - NEXTjs, Nodejs, Hydrogen, Shopify API, Typescript",$6-10/hr,"Posted on Dec 30, 2022"
165,Senior Website and Graphic Designer,$550/MONTHLY,"Posted on Dec 30, 2022"
166,"Software Engineer, Coder, Computer Science","5,000 PHP per Project","Posted on Dec 30, 2022"
167,NATIVE DUTCH SPEAKER WANTED/Virtual Assistant/Tech Support/,TBD,"Posted on Dec 30, 2022"
168,Senior Software Developer,TBD,"Posted on Dec 30, 2022"
169,HARO Specialist,,"Posted on Dec 30, 2022"
170,Mandarin Speaking Real Estate Virtual Assistant,$4-5AUD,"Posted on Dec 30, 2022"
171,Chartered Account CPA with MBA,"PHP 607,000 per annum","Posted on Dec 30, 2022"
172,Kadence Wordpress Expert  (Don't apply if you aren't a kadence expert),300,"Posted on Dec 30, 2022"
173,Senior React Native Developer - Horizon Development LLC,$400-$750/Month,"Posted on Dec 30, 2022"
174,Senior Django Developer - Horizon Development LLC,$600-$1000/Month,"Posted on Dec 30, 2022"
175,Angular and ASP.net Web API Developer,7000php WEEKLY,"Posted on Dec 30, 2022"
176,Fullstack-Developer (Laravel/Vue/Nuxt/Vuetify/Phyton),800$ - 1400$,"Posted on Dec 29, 2022"
177,Looking for Senior Software Engineers,"155,000","Posted on Dec 29, 2022"
178,Bubble developer Needed,40000,"Posted on Dec 29, 2022"
179,Bubble Developer Needed,40000,"Posted on Dec 29, 2022"
180,Graphics Designer / Social Media Manager (EXPERT IN ADOBE PHOTOSHOP AND PREMIERE PRO),$700 - $800,"Posted on Dec 30, 2022"
181,Bid Coordinator/Bid Writer for a UK Marketing Company,TBC,"Posted on Dec 30, 2022"
182,SEO Outreach Specialist & Link builder (Work from home),"PHP 20,000 to PHP 40,000","Posted on Dec 30, 2022"
183,Senior SEO Link Builder (Work from home),"PHP 20,000 to PHP 40,000","Posted on Dec 30, 2022"
184,Lawyer with American Accented English,Negotiable,"Posted on Dec 30, 2022"
185,Woocommerce Web Developer / Manager,"50,000-75,000 php/mo","Posted on Dec 30, 2022"
186,Expert Web Designer/Developer,,"Posted on Dec 30, 2022"
187,UI/UX Designer,"Php 45,000/mo","Posted on Dec 30, 2022"
188,Shopify Developer,"Php 45,000/mo","Posted on Dec 30, 2022"
189,"Web Developer - NEXTjs, Nodejs, Hydrogen, Shopify API, Typescript",$6-10/hr,"Posted on Dec 30, 2022"
190,Senior Website and Graphic Designer,$550/MONTHLY,"Posted on Dec 30, 2022"
191,"Software Engineer, Coder, Computer Science","5,000 PHP per Project","Posted on Dec 30, 2022"
192,NATIVE DUTCH SPEAKER WANTED/Virtual Assistant/Tech Support/,TBD,"Posted on Dec 30, 2022"
193,Senior Software Developer,TBD,"Posted on Dec 30, 2022"
194,HARO Specialist,,"Posted on Dec 30, 2022"
195,Mandarin Speaking Real Estate Virtual Assistant,$4-5AUD,"Posted on Dec 30, 2022"
196,Chartered Account CPA with MBA,"PHP 607,000 per annum","Posted on Dec 30, 2022"
197,Kadence Wordpress Expert  (Don't apply if you aren't a kadence expert),300,"Posted on Dec 30, 2022"
198,Senior React Native Developer - Horizon Development LLC,$400-$750/Month,"Posted on Dec 30, 2022"
199,Senior Django Developer - Horizon Development LLC,$600-$1000/Month,"Posted on Dec 30, 2022"
200,Angular and ASP.net Web API Developer,7000php WEEKLY,"Posted on Dec 30, 2022"
201,Fullstack-Developer (Laravel/Vue/Nuxt/Vuetify/Phyton),800$ - 1400$,"Posted on Dec 29, 2022"
202,Looking for Senior Software Engineers,"155,000","Posted on Dec 29, 2022"
203,Bubble developer Needed,40000,"Posted on Dec 29, 2022"
204,Bubble Developer Needed,40000,"Posted on Dec 29, 2022"
205,Sr. PHP Developer,40000-80000,"Posted on Dec 29, 2022"
206,Senior Power System Engineer,,"Posted on Dec 29, 2022"
207,PowerPoint Template,250,"Posted on Dec 31, 2022"
208,Copy writer,$300/month,"Posted on Dec 31, 2022"
209,Sports Data Research,200,"Posted on Dec 31, 2022"
210,Woocommerce Web Developer / Manager,"50,000-75,000 php/mo","Posted on Dec 30, 2022"
211,Expert Web Designer/Developer,,"Posted on Dec 30, 2022"
212,UI/UX Designer,"Php 45,000/mo","Posted on Dec 30, 2022"
213,Shopify Developer,"Php 45,000/mo","Posted on Dec 30, 2022"
214,"Web Developer - NEXTjs, Nodejs, Hydrogen, Shopify API, Typescript",$6-10/hr,"Posted on Dec 30, 2022"
215,Senior Website and Graphic Designer,$550/MONTHLY,"Posted on Dec 30, 2022"
216,"Software Engineer, Coder, Computer Science","5,000 PHP per Project","Posted on Dec 30, 2022"
217,NATIVE DUTCH SPEAKER WANTED/Virtual Assistant/Tech Support/,TBD,"Posted on Dec 30, 2022"
218,Senior Software Developer,TBD,"Posted on Dec 30, 2022"
219,HARO Specialist,,"Posted on Dec 30, 2022"
220,Mandarin Speaking Real Estate Virtual Assistant,$4-5AUD,"Posted on Dec 30, 2022"
221,Chartered Account CPA with MBA,"PHP 607,000 per annum","Posted on Dec 30, 2022"
222,Kadence Wordpress Expert  (Don't apply if you aren't a kadence expert),300,"Posted on Dec 30, 2022"
223,Senior React Native Developer - Horizon Development LLC,$400-$750/Month,"Posted on Dec 30, 2022"
224,Senior Django Developer - Horizon Development LLC,$600-$1000/Month,"Posted on Dec 30, 2022"
225,Angular and ASP.net Web API Developer,7000php WEEKLY,"Posted on Dec 30, 2022"
226,Fullstack-Developer (Laravel/Vue/Nuxt/Vuetify/Phyton),800$ - 1400$,"Posted on Dec 29, 2022"
227,Looking for Senior Software Engineers,"155,000","Posted on Dec 29, 2022"
228,Bubble developer Needed,40000,"Posted on Dec 29, 2022"
229,Bubble Developer Needed,40000,"Posted on Dec 29, 2022"
230,Sr. PHP Developer,40000-80000,"Posted on Dec 29, 2022"
231,Senior Power System Engineer,,"Posted on Dec 29, 2022"
232,PowerPoint Template,250,"Posted on Dec 31, 2022"
233,Copy writer,$300/month,"Posted on Dec 31, 2022"
234,Sports Data Research,200,"Posted on Dec 31, 2022"
235,Media Assistant,$2 USD / Hour,"Posted on Dec 31, 2022"
236,"Sales and customer service, for online courses on engineering and sustainability",around $10/hr,"Posted on Dec 31, 2022"
237,GRAPHIC DESIGNER,$150,"Posted on Dec 31, 2022"
238,Virtual Assistant for my lead generation company,$50-$400/mo. depending on how many tasks you can do.,"Posted on Dec 31, 2022"
239,Inventory Specialist,$800 month,"Posted on Dec 31, 2022"
240,Senior Website and Graphic Designer,$550/MONTHLY,"Posted on Dec 30, 2022"
241,"Software Engineer, Coder, Computer Science","5,000 PHP per Project","Posted on Dec 30, 2022"
242,NATIVE DUTCH SPEAKER WANTED/Virtual Assistant/Tech Support/,TBD,"Posted on Dec 30, 2022"
243,Senior Software Developer,TBD,"Posted on Dec 30, 2022"
244,HARO Specialist,,"Posted on Dec 30, 2022"
245,Mandarin Speaking Real Estate Virtual Assistant,$4-5AUD,"Posted on Dec 30, 2022"
246,Chartered Account CPA with MBA,"PHP 607,000 per annum","Posted on Dec 30, 2022"
247,Kadence Wordpress Expert  (Don't apply if you aren't a kadence expert),300,"Posted on Dec 30, 2022"
248,Senior React Native Developer - Horizon Development LLC,$400-$750/Month,"Posted on Dec 30, 2022"
249,Senior Django Developer - Horizon Development LLC,$600-$1000/Month,"Posted on Dec 30, 2022"
250,Angular and ASP.net Web API Developer,7000php WEEKLY,"Posted on Dec 30, 2022"
251,Fullstack-Developer (Laravel/Vue/Nuxt/Vuetify/Phyton),800$ - 1400$,"Posted on Dec 29, 2022"
252,Looking for Senior Software Engineers,"155,000","Posted on Dec 29, 2022"
253,Bubble developer Needed,40000,"Posted on Dec 29, 2022"
254,Bubble Developer Needed,40000,"Posted on Dec 29, 2022"
255,Sr. PHP Developer,40000-80000,"Posted on Dec 29, 2022"
256,Senior Power System Engineer,,"Posted on Dec 29, 2022"
257,PowerPoint Template,250,"Posted on Dec 31, 2022"
258,Copy writer,$300/month,"Posted on Dec 31, 2022"
259,Sports Data Research,200,"Posted on Dec 31, 2022"
260,Media Assistant,$2 USD / Hour,"Posted on Dec 31, 2022"
261,"Sales and customer service, for online courses on engineering and sustainability",around $10/hr,"Posted on Dec 31, 2022"
262,GRAPHIC DESIGNER,$150,"Posted on Dec 31, 2022"
263,Virtual Assistant for my lead generation company,$50-$400/mo. depending on how many tasks you can do.,"Posted on Dec 31, 2022"
264,Inventory Specialist,$800 month,"Posted on Dec 31, 2022"
265,Capital Markets Virtual Assistant,$700,"Posted on Dec 31, 2022"
266,Well-versed and experience VA,$150/week,"Posted on Dec 31, 2022"
267,Social Media Operator,$1500/month,"Posted on Dec 31, 2022"
268,Product Researcher Shopify,500$,"Posted on Dec 31, 2022"
269,Admin Assistant/Personal Assistant,$3 to $4 per hour Paid BI-WEEKLY,"Posted on Dec 31, 2022"
270,Mandarin Speaking Real Estate Virtual Assistant,$4-5AUD,"Posted on Dec 30, 2022"
271,Chartered Account CPA with MBA,"PHP 607,000 per annum","Posted on Dec 30, 2022"
272,Kadence Wordpress Expert  (Don't apply if you aren't a kadence expert),300,"Posted on Dec 30, 2022"
273,Senior React Native Developer - Horizon Development LLC,$400-$750/Month,"Posted on Dec 30, 2022"
274,Senior Django Developer - Horizon Development LLC,$600-$1000/Month,"Posted on Dec 30, 2022"
275,Angular and ASP.net Web API Developer,7000php WEEKLY,"Posted on Dec 30, 2022"
276,Fullstack-Developer (Laravel/Vue/Nuxt/Vuetify/Phyton),800$ - 1400$,"Posted on Dec 29, 2022"
277,Looking for Senior Software Engineers,"155,000","Posted on Dec 29, 2022"
278,Bubble developer Needed,40000,"Posted on Dec 29, 2022"
279,Bubble Developer Needed,40000,"Posted on Dec 29, 2022"
280,Sr. PHP Developer,40000-80000,"Posted on Dec 29, 2022"
281,Senior Power System Engineer,,"Posted on Dec 29, 2022"
282,PowerPoint Template,250,"Posted on Dec 31, 2022"
283,Copy writer,$300/month,"Posted on Dec 31, 2022"
284,Sports Data Research,200,"Posted on Dec 31, 2022"
285,Media Assistant,$2 USD / Hour,"Posted on Dec 31, 2022"
286,"Sales and customer service, for online courses on engineering and sustainability",around $10/hr,"Posted on Dec 31, 2022"
287,GRAPHIC DESIGNER,$150,"Posted on Dec 31, 2022"
288,Virtual Assistant for my lead generation company,$50-$400/mo. depending on how many tasks you can do.,"Posted on Dec 31, 2022"
289,Inventory Specialist,$800 month,"Posted on Dec 31, 2022"
290,Capital Markets Virtual Assistant,$700,"Posted on Dec 31, 2022"
291,Well-versed and experience VA,$150/week,"Posted on Dec 31, 2022"
292,Social Media Operator,$1500/month,"Posted on Dec 31, 2022"
293,Product Researcher Shopify,500$,"Posted on Dec 31, 2022"
294,Admin Assistant/Personal Assistant,$3 to $4 per hour Paid BI-WEEKLY,"Posted on Dec 31, 2022"
295,URGENT! Finance & Administrative Assistant (Cebu Based Only),"Php 12,000/mo","Posted on Dec 31, 2022"
296,Executive Assistant (Cebu-Based),"Php 15,000","Posted on Dec 31, 2022"
297,Remote Assistant needed for UK Company,"30,000 to 80,000 peso per month paid weekly","Posted on Dec 31, 2022"
298,Experienced Esl Tutor Required,$3 to $5 dollars per hour,"Posted on Dec 31, 2022"
299,Operations Manager,PHP 30K + incentives/commission (Salary reassessment after 3 mos),"Posted on Dec 31, 2022"
300,Angular and ASP.net Web API Developer,7000php WEEKLY,"Posted on Dec 30, 2022"
301,Fullstack-Developer (Laravel/Vue/Nuxt/Vuetify/Phyton),800$ - 1400$,"Posted on Dec 29, 2022"
302,Looking for Senior Software Engineers,"155,000","Posted on Dec 29, 2022"
303,Bubble developer Needed,40000,"Posted on Dec 29, 2022"
304,Bubble Developer Needed,40000,"Posted on Dec 29, 2022"
305,Sr. PHP Developer,40000-80000,"Posted on Dec 29, 2022"
306,Senior Power System Engineer,,"Posted on Dec 29, 2022"
307,PowerPoint Template,250,"Posted on Dec 31, 2022"
308,Copy writer,$300/month,"Posted on Dec 31, 2022"
309,Sports Data Research,200,"Posted on Dec 31, 2022"
310,Media Assistant,$2 USD / Hour,"Posted on Dec 31, 2022"
311,"Sales and customer service, for online courses on engineering and sustainability",around $10/hr,"Posted on Dec 31, 2022"
312,GRAPHIC DESIGNER,$150,"Posted on Dec 31, 2022"
313,Virtual Assistant for my lead generation company,$50-$400/mo. depending on how many tasks you can do.,"Posted on Dec 31, 2022"
314,Inventory Specialist,$800 month,"Posted on Dec 31, 2022"
315,Capital Markets Virtual Assistant,$700,"Posted on Dec 31, 2022"
316,Well-versed and experience VA,$150/week,"Posted on Dec 31, 2022"
317,Social Media Operator,$1500/month,"Posted on Dec 31, 2022"
318,Product Researcher Shopify,500$,"Posted on Dec 31, 2022"
319,Admin Assistant/Personal Assistant,$3 to $4 per hour Paid BI-WEEKLY,"Posted on Dec 31, 2022"
320,URGENT! Finance & Administrative Assistant (Cebu Based Only),"Php 12,000/mo","Posted on Dec 31, 2022"
321,Executive Assistant (Cebu-Based),"Php 15,000","Posted on Dec 31, 2022"
322,Remote Assistant needed for UK Company,"30,000 to 80,000 peso per month paid weekly","Posted on Dec 31, 2022"
323,Experienced Esl Tutor Required,$3 to $5 dollars per hour,"Posted on Dec 31, 2022"
324,Operations Manager,PHP 30K + incentives/commission (Salary reassessment after 3 mos),"Posted on Dec 31, 2022"
325,Operations Manager for Ecommerce Business,PHP 30K + incentives/commission (Salary reassessment after 3 mos),"Posted on Dec 31, 2022"
326,Personal Assistant Needed,$4 to $6 per hour,"Posted on Dec 31, 2022"
327,Lead Gen / Affiliate Media Buyer,TBA,"Posted on Dec 31, 2022"
328,CUSTOMER SERVICE REPRESENTATIVE,$5.00 per hour/30 hours per week. paid weekly.,"Posted on Dec 31, 2022"
329,Image Researcher,US $350 a month,"Posted on Dec 31, 2022"
330,Sr. PHP Developer,40000-80000,"Posted on Dec 29, 2022"
331,Senior Power System Engineer,,"Posted on Dec 29, 2022"
332,PowerPoint Template,250,"Posted on Dec 31, 2022"
333,Copy writer,$300/month,"Posted on Dec 31, 2022"
334,Sports Data Research,200,"Posted on Dec 31, 2022"
335,Media Assistant,$2 USD / Hour,"Posted on Dec 31, 2022"
336,"Sales and customer service, for online courses on engineering and sustainability",around $10/hr,"Posted on Dec 31, 2022"
337,GRAPHIC DESIGNER,$150,"Posted on Dec 31, 2022"
338,Virtual Assistant for my lead generation company,$50-$400/mo. depending on how many tasks you can do.,"Posted on Dec 31, 2022"
339,Inventory Specialist,$800 month,"Posted on Dec 31, 2022"
340,Capital Markets Virtual Assistant,$700,"Posted on Dec 31, 2022"
341,Well-versed and experience VA,$150/week,"Posted on Dec 31, 2022"
342,Social Media Operator,$1500/month,"Posted on Dec 31, 2022"
343,Product Researcher Shopify,500$,"Posted on Dec 31, 2022"
344,Admin Assistant/Personal Assistant,$3 to $4 per hour Paid BI-WEEKLY,"Posted on Dec 31, 2022"
345,URGENT! Finance & Administrative Assistant (Cebu Based Only),"Php 12,000/mo","Posted on Dec 31, 2022"
346,Executive Assistant (Cebu-Based),"Php 15,000","Posted on Dec 31, 2022"
347,Remote Assistant needed for UK Company,"30,000 to 80,000 peso per month paid weekly","Posted on Dec 31, 2022"
348,Experienced Esl Tutor Required,$3 to $5 dollars per hour,"Posted on Dec 31, 2022"
349,Operations Manager,PHP 30K + incentives/commission (Salary reassessment after 3 mos),"Posted on Dec 31, 2022"
350,Operations Manager for Ecommerce Business,PHP 30K + incentives/commission (Salary reassessment after 3 mos),"Posted on Dec 31, 2022"
351,Personal Assistant Needed,$4 to $6 per hour,"Posted on Dec 31, 2022"
352,Lead Gen / Affiliate Media Buyer,TBA,"Posted on Dec 31, 2022"
353,CUSTOMER SERVICE REPRESENTATIVE,$5.00 per hour/30 hours per week. paid weekly.,"Posted on Dec 31, 2022"
354,Image Researcher,US $350 a month,"Posted on Dec 31, 2022"
355,Blog Writer,$6/hr,"Posted on Dec 31, 2022"
356,Video Editor - Youtube / Tiktok In Our Growing Startup,1000-1500 USD/Mo,"Posted on Dec 31, 2022"
357,Supplier Relations Representative,base salary of $300 + commission of $10-$150 per supplier account opened depending on the type of account opened,"Posted on Dec 31, 2022"
358,E-Commerce Merchandisers,$300-400,"Posted on Dec 31, 2022"
359,Photoshop Expert Needed:  Customize Photos To Have Watercolor Effect,Fixed Rate ,"Posted on Dec 31, 2022"
360,Media Assistant,$2 USD / Hour,"Posted on Dec 31, 2022"
361,"Sales and customer service, for online courses on engineering and sustainability",around $10/hr,"Posted on Dec 31, 2022"
362,GRAPHIC DESIGNER,$150,"Posted on Dec 31, 2022"
363,Virtual Assistant for my lead generation company,$50-$400/mo. depending on how many tasks you can do.,"Posted on Dec 31, 2022"
364,Inventory Specialist,$800 month,"Posted on Dec 31, 2022"
365,Capital Markets Virtual Assistant,$700,"Posted on Dec 31, 2022"
366,Well-versed and experience VA,$150/week,"Posted on Dec 31, 2022"
367,Social Media Operator,$1500/month,"Posted on Dec 31, 2022"
368,Product Researcher Shopify,500$,"Posted on Dec 31, 2022"
369,Admin Assistant/Personal Assistant,$3 to $4 per hour Paid BI-WEEKLY,"Posted on Dec 31, 2022"
370,URGENT! Finance & Administrative Assistant (Cebu Based Only),"Php 12,000/mo","Posted on Dec 31, 2022"
371,Executive Assistant (Cebu-Based),"Php 15,000","Posted on Dec 31, 2022"
372,Remote Assistant needed for UK Company,"30,000 to 80,000 peso per month paid weekly","Posted on Dec 31, 2022"
373,Experienced Esl Tutor Required,$3 to $5 dollars per hour,"Posted on Dec 31, 2022"
374,Operations Manager,PHP 30K + incentives/commission (Salary reassessment after 3 mos),"Posted on Dec 31, 2022"
375,Operations Manager for Ecommerce Business,PHP 30K + incentives/commission (Salary reassessment after 3 mos),"Posted on Dec 31, 2022"
376,Personal Assistant Needed,$4 to $6 per hour,"Posted on Dec 31, 2022"
377,Lead Gen / Affiliate Media Buyer,TBA,"Posted on Dec 31, 2022"
378,CUSTOMER SERVICE REPRESENTATIVE,$5.00 per hour/30 hours per week. paid weekly.,"Posted on Dec 31, 2022"
379,Image Researcher,US $350 a month,"Posted on Dec 31, 2022"
380,Blog Writer,$6/hr,"Posted on Dec 31, 2022"
381,Video Editor - Youtube / Tiktok In Our Growing Startup,1000-1500 USD/Mo,"Posted on Dec 31, 2022"
382,Supplier Relations Representative,base salary of $300 + commission of $10-$150 per supplier account opened depending on the type of account opened,"Posted on Dec 31, 2022"
383,E-Commerce Merchandisers,$300-400,"Posted on Dec 31, 2022"
384,Photoshop Expert Needed:  Customize Photos To Have Watercolor Effect,Fixed Rate ,"Posted on Dec 31, 2022"
385,Virtual Marketing Assistant,$320/Month + Bonus!,"Posted on Dec 31, 2022"
386,Real Estate Sales Agent,$1500 per month,"Posted on Dec 31, 2022"
387,Bookkeeper,10 dollars per hour,"Posted on Dec 31, 2022"
388,Appointment Setter,$100 - $800,"Posted on Dec 31, 2022"
389,100 tick-tock videos,$100 flat,"Posted on Dec 31, 2022"
390,Capital Markets Virtual Assistant,$700,"Posted on Dec 31, 2022"
391,Well-versed and experience VA,$150/week,"Posted on Dec 31, 2022"
392,Social Media Operator,$1500/month,"Posted on Dec 31, 2022"
393,Product Researcher Shopify,500$,"Posted on Dec 31, 2022"
394,Admin Assistant/Personal Assistant,$3 to $4 per hour Paid BI-WEEKLY,"Posted on Dec 31, 2022"
395,URGENT! Finance & Administrative Assistant (Cebu Based Only),"Php 12,000/mo","Posted on Dec 31, 2022"
396,Executive Assistant (Cebu-Based),"Php 15,000","Posted on Dec 31, 2022"
397,Remote Assistant needed for UK Company,"30,000 to 80,000 peso per month paid weekly","Posted on Dec 31, 2022"
398,Experienced Esl Tutor Required,$3 to $5 dollars per hour,"Posted on Dec 31, 2022"
399,Operations Manager,PHP 30K + incentives/commission (Salary reassessment after 3 mos),"Posted on Dec 31, 2022"
400,Operations Manager for Ecommerce Business,PHP 30K + incentives/commission (Salary reassessment after 3 mos),"Posted on Dec 31, 2022"
401,Personal Assistant Needed,$4 to $6 per hour,"Posted on Dec 31, 2022"
402,Lead Gen / Affiliate Media Buyer,TBA,"Posted on Dec 31, 2022"
403,CUSTOMER SERVICE REPRESENTATIVE,$5.00 per hour/30 hours per week. paid weekly.,"Posted on Dec 31, 2022"
404,Image Researcher,US $350 a month,"Posted on Dec 31, 2022"
405,Blog Writer,$6/hr,"Posted on Dec 31, 2022"
406,Video Editor - Youtube / Tiktok In Our Growing Startup,1000-1500 USD/Mo,"Posted on Dec 31, 2022"
407,Supplier Relations Representative,base salary of $300 + commission of $10-$150 per supplier account opened depending on the type of account opened,"Posted on Dec 31, 2022"
408,E-Commerce Merchandisers,$300-400,"Posted on Dec 31, 2022"
409,Photoshop Expert Needed:  Customize Photos To Have Watercolor Effect,Fixed Rate ,"Posted on Dec 31, 2022"
410,Virtual Marketing Assistant,$320/Month + Bonus!,"Posted on Dec 31, 2022"
411,Real Estate Sales Agent,$1500 per month,"Posted on Dec 31, 2022"
412,Bookkeeper,10 dollars per hour,"Posted on Dec 31, 2022"
413,Appointment Setter,$100 - $800,"Posted on Dec 31, 2022"
414,100 tick-tock videos,$100 flat,"Posted on Dec 31, 2022"
415,Photo/Video Editor for Facebook & Pinterest advertising,30000,"Posted on Dec 31, 2022"
416,Advanced Excel/Sheets and Inventory Manager,"PHP 40,000/mo - PHP 60,000/mo (depend on experience)","Posted on Dec 31, 2022"
417,General VA,350,"Posted on Dec 31, 2022"
418,Technical Support(CCTV/Security Camera),$400,"Posted on Dec 31, 2022"
419,Online work - Scout DM send,8000-12000,"Posted on Dec 31, 2022"
420,URGENT! Finance & Administrative Assistant (Cebu Based Only),"Php 12,000/mo","Posted on Dec 31, 2022"
421,Executive Assistant (Cebu-Based),"Php 15,000","Posted on Dec 31, 2022"
422,Remote Assistant needed for UK Company,"30,000 to 80,000 peso per month paid weekly","Posted on Dec 31, 2022"
423,Experienced Esl Tutor Required,$3 to $5 dollars per hour,"Posted on Dec 31, 2022"
424,Operations Manager,PHP 30K + incentives/commission (Salary reassessment after 3 mos),"Posted on Dec 31, 2022"
425,Operations Manager for Ecommerce Business,PHP 30K + incentives/commission (Salary reassessment after 3 mos),"Posted on Dec 31, 2022"
426,Personal Assistant Needed,$4 to $6 per hour,"Posted on Dec 31, 2022"
427,Lead Gen / Affiliate Media Buyer,TBA,"Posted on Dec 31, 2022"
428,CUSTOMER SERVICE REPRESENTATIVE,$5.00 per hour/30 hours per week. paid weekly.,"Posted on Dec 31, 2022"
429,Image Researcher,US $350 a month,"Posted on Dec 31, 2022"
430,Blog Writer,$6/hr,"Posted on Dec 31, 2022"
431,Video Editor - Youtube / Tiktok In Our Growing Startup,1000-1500 USD/Mo,"Posted on Dec 31, 2022"
432,Supplier Relations Representative,base salary of $300 + commission of $10-$150 per supplier account opened depending on the type of account opened,"Posted on Dec 31, 2022"
433,E-Commerce Merchandisers,$300-400,"Posted on Dec 31, 2022"
434,Photoshop Expert Needed:  Customize Photos To Have Watercolor Effect,Fixed Rate ,"Posted on Dec 31, 2022"
435,Virtual Marketing Assistant,$320/Month + Bonus!,"Posted on Dec 31, 2022"
436,Real Estate Sales Agent,$1500 per month,"Posted on Dec 31, 2022"
437,Bookkeeper,10 dollars per hour,"Posted on Dec 31, 2022"
438,Appointment Setter,$100 - $800,"Posted on Dec 31, 2022"
439,100 tick-tock videos,$100 flat,"Posted on Dec 31, 2022"
440,Photo/Video Editor for Facebook & Pinterest advertising,30000,"Posted on Dec 31, 2022"
441,Advanced Excel/Sheets and Inventory Manager,"PHP 40,000/mo - PHP 60,000/mo (depend on experience)","Posted on Dec 31, 2022"
442,General VA,350,"Posted on Dec 31, 2022"
443,Technical Support(CCTV/Security Camera),$400,"Posted on Dec 31, 2022"
444,Online work - Scout DM send,8000-12000,"Posted on Dec 31, 2022"
445,Customer Service Representative,"P25,000 - P39,000","Posted on Dec 31, 2022"
446,Appointment Setter,Performance based: $5 per booked appointment,"Posted on Dec 31, 2022"
447,Customer Relations / Admin Worker — English & Spanish — Female,$2.50 USD/hr + commission,"Posted on Dec 31, 2022"
448,Remote IT Support Engineer,,"Posted on Dec 31, 2022"
449,Virtual Assistant **High Growth Opportunity**,$400,"Posted on Dec 31, 2022"
450,Operations Manager for Ecommerce Business,PHP 30K + incentives/commission (Salary reassessment after 3 mos),"Posted on Dec 31, 2022"
451,Personal Assistant Needed,$4 to $6 per hour,"Posted on Dec 31, 2022"
452,Lead Gen / Affiliate Media Buyer,TBA,"Posted on Dec 31, 2022"
453,CUSTOMER SERVICE REPRESENTATIVE,$5.00 per hour/30 hours per week. paid weekly.,"Posted on Dec 31, 2022"
454,Image Researcher,US $350 a month,"Posted on Dec 31, 2022"
455,Blog Writer,$6/hr,"Posted on Dec 31, 2022"
456,Video Editor - Youtube / Tiktok In Our Growing Startup,1000-1500 USD/Mo,"Posted on Dec 31, 2022"
457,Supplier Relations Representative,base salary of $300 + commission of $10-$150 per supplier account opened depending on the type of account opened,"Posted on Dec 31, 2022"
458,E-Commerce Merchandisers,$300-400,"Posted on Dec 31, 2022"
459,Photoshop Expert Needed:  Customize Photos To Have Watercolor Effect,Fixed Rate ,"Posted on Dec 31, 2022"
460,Virtual Marketing Assistant,$320/Month + Bonus!,"Posted on Dec 31, 2022"
461,Real Estate Sales Agent,$1500 per month,"Posted on Dec 31, 2022"
462,Bookkeeper,10 dollars per hour,"Posted on Dec 31, 2022"
463,Appointment Setter,$100 - $800,"Posted on Dec 31, 2022"
464,100 tick-tock videos,$100 flat,"Posted on Dec 31, 2022"
465,Photo/Video Editor for Facebook & Pinterest advertising,30000,"Posted on Dec 31, 2022"
466,Advanced Excel/Sheets and Inventory Manager,"PHP 40,000/mo - PHP 60,000/mo (depend on experience)","Posted on Dec 31, 2022"
467,General VA,350,"Posted on Dec 31, 2022"
468,Technical Support(CCTV/Security Camera),$400,"Posted on Dec 31, 2022"
469,Online work - Scout DM send,8000-12000,"Posted on Dec 31, 2022"
470,Customer Service Representative,"P25,000 - P39,000","Posted on Dec 31, 2022"
471,Appointment Setter,Performance based: $5 per booked appointment,"Posted on Dec 31, 2022"
472,Customer Relations / Admin Worker — English & Spanish — Female,$2.50 USD/hr + commission,"Posted on Dec 31, 2022"
473,Remote IT Support Engineer,,"Posted on Dec 31, 2022"
474,Virtual Assistant **High Growth Opportunity**,$400,"Posted on Dec 31, 2022"
475,Audio/Video Podcast Editor & Digital Marketer,$433/mo,"Posted on Dec 31, 2022"
476,Inhouse Graphic Designer,48500,"Posted on Dec 31, 2022"
477,Attention Rockstar Video Editors? Check this dream job,16500 PHP/MO,"Posted on Dec 31, 2022"
478,Social Media Manager Needed for AI Startup Company,Negotiable Based On Experience - Up To 30k PHP Monthly Starting,"Posted on Dec 31, 2022"
479,"Tech Savvy Virtual Assistant - Dropbox, Microsoft Office, & Notion",$700-800 Per Month,"Posted on Dec 31, 2022"
